Categoría,"                                            Nombre de la base y/o conjunto de datos

","                                                     Nombre de la tabla de la base de datos / hoja del conjunto de datos

",Descripción de capa,Etiqueta del campo o variable ,Descripció de Campo,"Tipo de dato
",Rango o valores que permite el campo,"Clasificación de la información
","Especificaciones y/o reglas de cálculo
 
","Obligatoriedad del campo
 
","Registro de campos vacíos 
 
","Tipo de archivo:
"
Salud; Infraestructura y Obra Pública,Centros_de_salud,Centros de salud,"Capa de información geoespacial con la ubicación de los Centros de salud, en Ciudad de México",ID,ID,Número entero ,Número consecutivo,Pública,,Obligatorio,Sin datos vacios,Shape file (.shp)
Salud; Infraestructura y Obra Pública,Centros_de_salud,Centros de salud,"Capa de información geoespacial con la ubicación de los Centros de salud, en Ciudad de México",NOM_ENT,NOMBRE DE LA ENTIDAD,Número entero ,"Nombre de AGEE (Área Geoestadistica Estatal), de acuerdo al Marco Geoestadístico Nacional para la Ciudad de México",Pública,,Obligatorio,Sin datos vacios,Shape file (.shp)
Salud; Infraestructura y Obra Pública,Centros_de_salud,Centros de salud,"Capa de información geoespacial con la ubicación de los Centros de salud, en Ciudad de México",C__ENTIDAD,CLAVE DE LA ENTIDAD,Número entero ,"Clave de AGEM (Área Geoestadistica Municipal), de acuerdo al Marco Geoestadístico Nacional para la Ciudad de México",Pública,El código debe tener dos caracteres,Obligatorio,Sin datos vacios,Shape file (.shp)
Salud; Infraestructura y Obra Pública,Centros_de_salud,Centros de salud,"Capa de información geoespacial con la ubicación de los Centros de salud, en Ciudad de México",N_MUNICI,NOMBRE DEL MUNICIPIO,Número entero ,"Nombre de AGEM (Área Geoestadistica Municipal), de acuerdo al Marco Geoestadístico Nacional para la Ciudad de México",Pública,,Obligatorio,Sin datos vacios,Shape file (.shp)
Salud; Infraestructura y Obra Pública,Centros_de_salud,Centros de salud,"Capa de información geoespacial con la ubicación de los Centros de salud, en Ciudad de México",C_MUNI,CLAVE DEL MUNICIPIO,Número entero ,"Clave de AGEM (Área Geoestadistica Municipal), de acuerdo al Marco Geoestadístico Nacional para la Ciudad de México",Pública,El código debe tener tres caracteres,Obligatorio,Sin datos vacios,Shape file (.shp)
Salud; Infraestructura y Obra Pública,Centros_de_salud,Centros de salud,"Capa de información geoespacial con la ubicación de los Centros de salud, en Ciudad de México",N_LOC,NOMBRE DE LA LOCALIDAD,Número entero ,"Nombre de Localidad Geoestadística, de acuerdo al Marco Geoestadístico Nacional para la Ciudad de México",Pública,,Obligatorio,Sin datos vacios,Shape file (.shp)
Salud; Infraestructura y Obra Pública,Centros_de_salud,Centros de salud,"Capa de información geoespacial con la ubicación de los Centros de salud, en Ciudad de México",C_LOC,CLAVE DE LA LOCALIDAD,Número entero ,"Clave de Localidad Geoestadística, de acuerdo al Marco Geoestadístico Nacional para la Ciudad de México",Pública,El código debe tener cuatro caracteres,Obligatorio,Sin datos vacios,Shape file (.shp)
Salud; Infraestructura y Obra Pública,Centros_de_salud,Centros de salud,"Capa de información geoespacial con la ubicación de los Centros de salud, en Ciudad de México",N_INSTITU,NOMBRE DE LA INSTITUCION,Alfanumérico,Texto,Pública,,Obligatorio,Sin datos vacios,Shape file (.shp)
Salud; Infraestructura y Obra Pública,Centros_de_salud,Centros de salud,"Capa de información geoespacial con la ubicación de los Centros de salud, en Ciudad de México",TOT_CONSU,TOTAL DE CONSULTORIOS,Número entero ,1    a    9,Pública,,Obligatorio,Con datos vacios,Shape file (.shp)
Salud; Infraestructura y Obra Pública,Centros_de_salud,Centros de salud,"Capa de información geoespacial con la ubicación de los Centros de salud, en Ciudad de México",NOM_UNIDAD,NOMBRE DE LA UNIDAD,Número entero ,Texto,Pública,,Obligatorio,Sin datos vacios,Shape file (.shp)
Salud; Infraestructura y Obra Pública,Centros_de_salud,Centros de salud,"Capa de información geoespacial con la ubicación de los Centros de salud, en Ciudad de México",ESTATU_OPE,ESTATUS DE OPERACION,Alfanumérico,Texto,Pública,,Obligatorio,Sin datos vacios,Shape file (.shp)
Salud; Infraestructura y Obra Pública,Centros_de_salud,Centros de salud,"Capa de información geoespacial con la ubicación de los Centros de salud, en Ciudad de México",LONGITUD,LATITUD,Número decimales,Valor Y,Pública,Proyección cartografica UTM zona 14,Obligatorio,Sin datos vacios,Shape file (.shp)
Salud; Infraestructura y Obra Pública,Centros_de_salud,Centros de salud,"Capa de información geoespacial con la ubicación de los Centros de salud, en Ciudad de México",LATITUD,LONGITUD,Número decimales,Valor X,Pública,Proyección cartografica UTM zona 14,Obligatorio,Sin datos vacios,Shape file (.shp)
Salud; Infraestructura y Obra Pública,Centros_de_salud,Centros de salud,"Capa de información geoespacial con la ubicación de los Centros de salud, en Ciudad de México",tipo_centr,CLAVE DE CENTRO DE SALUD,Alfanumérico,T-I  T-II T-III,Pública,,Obligatorio,Sin datos vacios,Shape file (.shp)
